{"parent":"minecraft:item/generated","textures":{"layer0":"minecraft:item/item_frame"},"overrides":[{"model":"viabedrock/end_button106365163","predicate":{"custom_model_data":106365163}},{"model":"viabedrock/next_page_item365937784","predicate":{"custom_model_data":365937784}},{"model":"viabedrock/back_page_item406758038","predicate":{"custom_model_data":406758038}},{"model":"viabedrock/start_button468316754","predicate":{"custom_model_data":468316754}},{"model":"viabedrock/middle_button599017757","predicate":{"custom_model_data":599017757}},{"model":"viabedrock/down_right_slot608512511","predicate":{"custom_model_data":608512511}},{"model":"viabedrock/bottom_slot608982127","predicate":{"custom_model_data":608982127}},{"model":"viabedrock/confirm_button668214674","predicate":{"custom_model_data":668214674}},{"model":"viabedrock/empty_slot1059166801","predicate":{"custom_model_data":1059166801}},{"model":"viabedrock/down_left_slot1113598938","predicate":{"custom_model_data":1113598938}},{"model":"viabedrock/upper_right_slot1381599747","predicate":{"custom_model_data":1381599747}},{"model":"viabedrock/right_slot1387670976","predicate":{"custom_model_data":1387670976}},{"model":"viabedrock/upper_left_slot1582997544","predicate":{"custom_model_data":1582997544}},{"model":"viabedrock/upper_slot1663869062","predicate":{"custom_model_data":1663869062}},{"model":"viabedrock/left_slot1741942583","predicate":{"custom_model_data":1741942583}}]}